{"cameraMode":{"drawMode":0,"name":"Shaded","section":"Shading Mode"},"sceneLighting":false,"audioPlay":false,"sceneViewState":{"showFog":true,"showMaterialUpdate":false,"showSkybox":false,"showFlares":true,"showImageEffects":true,"showParticleSystems":true},"in2DMode":false,"pivot":{"x":4.4693217277526859,"y":0.2206556349992752,"z":11.784103393554688},"rotation":{"x":-0.08088656514883042,"y":-0.09016616642475128,"z":0.007348083425313234,"w":-0.9926188588142395},"size":0.4330126941204071,"orthographic":false}