{"cameraMode":{"drawMode":0,"name":"Shaded","section":"Shading Mode"},"sceneLighting":true,"audioPlay":false,"sceneViewState":{"showFog":true,"showMaterialUpdate":false,"showSkybox":true,"showFlares":true,"showImageEffects":true,"showParticleSystems":true},"in2DMode":false,"pivot":{"x":-0.23000001907348634,"y":0.4999999701976776,"z":6.022857666015625},"rotation":{"x":-0.20781932771205903,"y":0.6051504015922546,"z":-0.16768091917037965,"w":-0.7500036358833313},"size":1.0157183408737183,"orthographic":false}